phase,callsite,file,line,snippet,replacement_plan,owner_review
2,current_user(),web_app.py,817,def current_user():,REPLACE with g.user / claims['preferred_username'] / claims['email'],
2,"session[""user_id""]",web_app.py,822,"(session[""user_id""],)).fetchone()",REPLACE with g.user_id (set by require_jwt from sub claim),
2,current_user(),web_app.py,832,"return {""user"": current_user()}",REPLACE with g.user / claims['preferred_username'] / claims['email'],
2,"session[""user_id""]",web_app.py,838,"(pid, session[""user_id""])).fetchone()",REPLACE with g.user_id (set by require_jwt from sub claim),
2,current_user(),web_app.py,1697,"return render_template(""landing.html"", user=current_user(),",REPLACE with g.user / claims['preferred_username'] / claims['email'],
2,current_user(),web_app.py,1709,"return render_template(""landing_page2.html"", user=current_user(),",REPLACE with g.user / claims['preferred_username'] / claims['email'],
2,"session[""user_id""]",web_app.py,1863,"session[""user_id""] = user[""id""]",REPLACE with g.user_id (set by require_jwt from sub claim),
2,@login_required,web_app.py,1988,@login_required,REPLACE with @require_jwt -- plus @require_role/scope per route,
2,current_user(),web_app.py,1990,"return render_template(""support.html"", user=current_user())",REPLACE with g.user / claims['preferred_username'] / claims['email'],
2,@login_required,web_app.py,1994,@login_required,REPLACE with @require_jwt -- plus @require_role/scope per route,
2,current_user(),web_app.py,1996,"return render_template(""support_email_setup.html"", user=current_user())",REPLACE with g.user / claims['preferred_username'] / claims['email'],
2,@login_required,web_app.py,2000,@login_required,REPLACE with @require_jwt -- plus @require_role/scope per route,
2,@login_required,web_app.py,2009,@login_required,REPLACE with @require_jwt -- plus @require_role/scope per route,
2,current_user(),web_app.py,2011,"return render_template(""support_user_guide.html"", user=current_user())",REPLACE with g.user / claims['preferred_username'] / claims['email'],
2,@login_required,web_app.py,2015,@login_required,REPLACE with @require_jwt -- plus @require_role/scope per route,
2,@login_required,web_app.py,2045,@login_required,REPLACE with @require_jwt -- plus @require_role/scope per route,
2,@login_required,web_app.py,2501,@login_required,REPLACE with @require_jwt -- plus @require_role/scope per route,
2,current_user(),web_app.py,2503,user = current_user(),REPLACE with g.user / claims['preferred_username'] / claims['email'],
2,"session[""user_id""]",web_app.py,2505,"uid  = session[""user_id""]",REPLACE with g.user_id (set by require_jwt from sub claim),
2,@login_required,web_app.py,2572,@login_required,REPLACE with @require_jwt -- plus @require_role/scope per route,
2,current_user(),web_app.py,2574,user = current_user(),REPLACE with g.user / claims['preferred_username'] / claims['email'],
2,"session[""user_id""]",web_app.py,2580,"(session[""user_id""],)).fetchone()[0]",REPLACE with g.user_id (set by require_jwt from sub claim),
2,"session[""user_id""]",web_app.py,2594,"(session[""user_id""], name, folder))",REPLACE with g.user_id (set by require_jwt from sub claim),
2,current_user(),web_app.py,2597,u = current_user(),REPLACE with g.user / claims['preferred_username'] / claims['email'],
2,"session[""user_id""]",web_app.py,2614,"(session[""user_id""],)).fetchall()]",REPLACE with g.user_id (set by require_jwt from sub claim),
2,@login_required,web_app.py,2622,@login_required,REPLACE with @require_jwt -- plus @require_role/scope per route,
2,current_user(),web_app.py,2625,user = current_user(),REPLACE with g.user / claims['preferred_username'] / claims['email'],
2,"session[""user_id""]",web_app.py,2631,"(session[""user_id""],)).fetchone()[0]",REPLACE with g.user_id (set by require_jwt from sub claim),
2,"session[""user_id""]",web_app.py,2667,"(session[""user_id""], proj_name, _json.dumps(initial_data)))",REPLACE with g.user_id (set by require_jwt from sub claim),
2,@login_required,web_app.py,2684,@login_required,REPLACE with @require_jwt -- plus @require_role/scope per route,
2,current_user(),web_app.py,2776,"return render_template(""location.html"", user=current_user(),",REPLACE with g.user / claims['preferred_username'] / claims['email'],
2,@login_required,web_app.py,2785,@login_required,REPLACE with @require_jwt -- plus @require_role/scope per route,
2,current_user(),web_app.py,2951,"return render_template(""loads.html"", user=current_user(),",REPLACE with g.user / claims['preferred_username'] / claims['email'],
2,@login_required,web_app.py,2956,@login_required,REPLACE with @require_jwt -- plus @require_role/scope per route,
2,current_user(),web_app.py,2964,"return render_template(""results.html"", user=current_user(),",REPLACE with g.user / claims['preferred_username'] / claims['email'],
2,current_user(),web_app.py,2977,u    = current_user(),REPLACE with g.user / claims['preferred_username'] / claims['email'],
2,@login_required,web_app.py,2983,@login_required,REPLACE with @require_jwt -- plus @require_role/scope per route,
2,current_user(),web_app.py,2988,"return render_template(""report_inspection.html"", user=current_user(),",REPLACE with g.user / claims['preferred_username'] / claims['email'],
2,@login_required,web_app.py,2994,@login_required,REPLACE with @require_jwt -- plus @require_role/scope per route,
2,current_user(),web_app.py,3143,u    = current_user(),REPLACE with g.user / claims['preferred_username'] / claims['email'],
2,@login_required,web_app.py,3152,@login_required,REPLACE with @require_jwt -- plus @require_role/scope per route,
2,current_user(),web_app.py,3159,"return render_template(""report_pv.html"", user=current_user(),",REPLACE with g.user / claims['preferred_username'] / claims['email'],
2,@login_required,web_app.py,3165,@login_required,REPLACE with @require_jwt -- plus @require_role/scope per route,
2,current_user(),web_app.py,3172,"return render_template(""report_boq.html"", user=current_user(),",REPLACE with g.user / claims['preferred_username'] / claims['email'],
2,@login_required,web_app.py,3178,@login_required,REPLACE with @require_jwt -- plus @require_role/scope per route,
2,current_user(),web_app.py,3185,"return render_template(""report_cable.html"", user=current_user(),",REPLACE with g.user / claims['preferred_username'] / claims['email'],
2,@login_required,web_app.py,3191,@login_required,REPLACE with @require_jwt -- plus @require_role/scope per route,
2,current_user(),web_app.py,3201,"return render_template(""report_economic.html"", user=current_user(),",REPLACE with g.user / claims['preferred_username'] / claims['email'],
2,@login_required,web_app.py,3207,@login_required,REPLACE with @require_jwt -- plus @require_role/scope per route,
2,current_user(),web_app.py,3224,"user=current_user(),",REPLACE with g.user / claims['preferred_username'] / claims['email'],
2,@login_required,web_app.py,3232,@login_required,REPLACE with @require_jwt -- plus @require_role/scope per route,
2,current_user(),web_app.py,3249,"user=current_user(),",REPLACE with g.user / claims['preferred_username'] / claims['email'],
2,@login_required,web_app.py,3258,@login_required,REPLACE with @require_jwt -- plus @require_role/scope per route,
2,current_user(),web_app.py,3277,"return render_template(""report_proposal.html"", user=current_user(),",REPLACE with g.user / claims['preferred_username'] / claims['email'],
2,@login_required,web_app.py,3285,@login_required,REPLACE with @require_jwt -- plus @require_role/scope per route,
2,current_user(),web_app.py,3304,"return render_template(""report_energy.html"", user=current_user(),",REPLACE with g.user / claims['preferred_username'] / claims['email'],
2,@login_required,web_app.py,3311,@login_required,REPLACE with @require_jwt -- plus @require_role/scope per route,
2,"session[""user_id""]",web_app.py,3316,"(pid, session[""user_id""]))",REPLACE with g.user_id (set by require_jwt from sub claim),
2,@login_required,web_app.py,3322,@login_required,REPLACE with @require_jwt -- plus @require_role/scope per route,
2,"session[""user_id""]",web_app.py,3326,"uid  = session[""user_id""]",REPLACE with g.user_id (set by require_jwt from sub claim),
2,current_user(),web_app.py,3327,user = current_user(),REPLACE with g.user / claims['preferred_username'] / claims['email'],
2,@login_required,web_app.py,3358,@login_required,REPLACE with @require_jwt -- plus @require_role/scope per route,
2,"session[""user_id""]",web_app.py,3363,"uid = session[""user_id""]",REPLACE with g.user_id (set by require_jwt from sub claim),
2,@login_required,web_app.py,3384,@login_required,REPLACE with @require_jwt -- plus @require_role/scope per route,
2,"session[""user_id""]",web_app.py,3387,"uid = session[""user_id""]",REPLACE with g.user_id (set by require_jwt from sub claim),
2,@login_required,web_app.py,3416,@login_required,REPLACE with @require_jwt -- plus @require_role/scope per route,
2,"session[""user_id""]",web_app.py,3419,"uid  = session[""user_id""]",REPLACE with g.user_id (set by require_jwt from sub claim),
2,current_user(),web_app.py,3420,user = current_user(),REPLACE with g.user / claims['preferred_username'] / claims['email'],
2,@login_required,web_app.py,3496,@login_required,REPLACE with @require_jwt -- plus @require_role/scope per route,
2,@login_required,web_app.py,3506,@login_required,REPLACE with @require_jwt -- plus @require_role/scope per route,
2,@login_required,web_app.py,3558,@login_required,REPLACE with @require_jwt -- plus @require_role/scope per route,
2,@login_required,web_app.py,3958,@login_required,REPLACE with @require_jwt -- plus @require_role/scope per route,
2,@login_required,web_app.py,4144,@login_required,REPLACE with @require_jwt -- plus @require_role/scope per route,
2,@login_required,web_app.py,4226,@login_required,REPLACE with @require_jwt -- plus @require_role/scope per route,
2,@login_required,web_app.py,4347,@login_required,REPLACE with @require_jwt -- plus @require_role/scope per route,
2,@login_required,web_app.py,4452,@login_required,REPLACE with @require_jwt -- plus @require_role/scope per route,
2,@login_required,web_app.py,4570,@login_required,REPLACE with @require_jwt -- plus @require_role/scope per route,
2,@login_required,web_app.py,4785,@login_required,REPLACE with @require_jwt -- plus @require_role/scope per route,
2,@login_required,web_app.py,5084,@login_required,REPLACE with @require_jwt -- plus @require_role/scope per route,
2,@login_required,web_app.py,5195,@login_required,REPLACE with @require_jwt -- plus @require_role/scope per route,
2,@login_required,web_app.py,5308,@login_required,REPLACE with @require_jwt -- plus @require_role/scope per route,
2,"session[""user_id""]",web_app.py,6021,"(session[""user_id""],)).fetchone()",REPLACE with g.user_id (set by require_jwt from sub claim),
2,@admin_required,web_app.py,6029,@admin_required,REPLACE with @require_role('platform_super_admin') OR @require_role('tenant_admin'),
2,current_user(),web_app.py,6056,"return render_template(""admin.html"", user=current_user(),",REPLACE with g.user / claims['preferred_username'] / claims['email'],
2,@admin_required,web_app.py,6067,@admin_required,REPLACE with @require_role('platform_super_admin') OR @require_role('tenant_admin'),
2,current_user(),web_app.py,6147,"return render_template(""admin_users.html"", user=current_user(),",REPLACE with g.user / claims['preferred_username'] / claims['email'],
2,@admin_required,web_app.py,6152,@admin_required,REPLACE with @require_role('platform_super_admin') OR @require_role('tenant_admin'),
2,current_user(),web_app.py,6165,"return render_template(""admin_tickets.html"", user=current_user(),",REPLACE with g.user / claims['preferred_username'] / claims['email'],
2,@admin_required,web_app.py,6170,@admin_required,REPLACE with @require_role('platform_super_admin') OR @require_role('tenant_admin'),
2,"session[""user_id""]",web_app.py,6197,"(tid, session[""user_id""], msg))",REPLACE with g.user_id (set by require_jwt from sub claim),
2,current_user(),web_app.py,6207,"return render_template(""admin_ticket_detail.html"", user=current_user(),",REPLACE with g.user / claims['preferred_username'] / claims['email'],
2,@admin_required,web_app.py,6214,@admin_required,REPLACE with @require_role('platform_super_admin') OR @require_role('tenant_admin'),
2,current_user(),web_app.py,6241,"return render_template(""admin_appliances.html"", user=current_user(),",REPLACE with g.user / claims['preferred_username'] / claims['email'],
2,@admin_required,web_app.py,6246,@admin_required,REPLACE with @require_role('platform_super_admin') OR @require_role('tenant_admin'),
2,current_user(),web_app.py,6267,"return render_template(""admin_helpline_kb.html"", user=current_user(), entries=entries)",REPLACE with g.user / claims['preferred_username'] / claims['email'],
2,@login_required,web_app.py,6311,@login_required,REPLACE with @require_jwt -- plus @require_role/scope per route,
2,current_user(),web_app.py,6313,user = current_user(),REPLACE with g.user / claims['preferred_username'] / claims['email'],
2,"session[""user_id""]",web_app.py,6315,"uid  = session[""user_id""]",REPLACE with g.user_id (set by require_jwt from sub claim),
2,@login_required,web_app.py,6336,@login_required,REPLACE with @require_jwt -- plus @require_role/scope per route,
2,"session[""user_id""]",web_app.py,6341,"uid = session[""user_id""]",REPLACE with g.user_id (set by require_jwt from sub claim),
2,current_user(),web_app.py,6410,"return render_template(""settings.html"", user=current_user())",REPLACE with g.user / claims['preferred_username'] / claims['email'],
2,@login_required,web_app.py,6414,@login_required,REPLACE with @require_jwt -- plus @require_role/scope per route,
2,current_user(),web_app.py,6418,user = current_user(),REPLACE with g.user / claims['preferred_username'] / claims['email'],
2,@login_required,web_app.py,6446,@login_required,REPLACE with @require_jwt -- plus @require_role/scope per route,
2,current_user(),web_app.py,6449,user = current_user(),REPLACE with g.user / claims['preferred_username'] / claims['email'],
2,"session[""user_id""]",web_app.py,6454,"c.execute(""UPDATE users SET plan='free' WHERE id=?"", (session[""user_id""],))",REPLACE with g.user_id (set by require_jwt from sub claim),
2,"session[""user_id""]",web_app.py,6455,"_record_payment(session[""user_id""], ""manual"", ""free"", 0, status=""cancelled"")",REPLACE with g.user_id (set by require_jwt from sub claim),
2,@login_required,web_app.py,6463,@login_required,REPLACE with @require_jwt -- plus @require_role/scope per route,
2,"session[""user_id""]",web_app.py,6466,"uid = session[""user_id""]",REPLACE with g.user_id (set by require_jwt from sub claim),
2,@login_required,web_app.py,6558,@login_required,REPLACE with @require_jwt -- plus @require_role/scope per route,
2,"session[""user_id""]",web_app.py,6571,"(session[""user_id""], subject, message, priority))",REPLACE with g.user_id (set by require_jwt from sub claim),
2,"session[""user_id""]",web_app.py,6577,"(session[""user_id""],)).fetchall()",REPLACE with g.user_id (set by require_jwt from sub claim),
2,current_user(),web_app.py,6578,"return render_template(""tickets.html"", user=current_user(), tickets=rows)",REPLACE with g.user / claims['preferred_username'] / claims['email'],
2,@login_required,web_app.py,6582,@login_required,REPLACE with @require_jwt -- plus @require_role/scope per route,
2,"session[""user_id""]",web_app.py,6587,"(tid, session[""user_id""])).fetchone()",REPLACE with g.user_id (set by require_jwt from sub claim),
2,"session[""user_id""]",web_app.py,6601,"(tid, session[""user_id""], msg))",REPLACE with g.user_id (set by require_jwt from sub claim),
2,current_user(),web_app.py,6606,"return render_template(""ticket_detail.html"", user=current_user(),",REPLACE with g.user / claims['preferred_username'] / claims['email'],
2,@login_required,web_app.py,6927,@login_required,REPLACE with @require_jwt -- plus @require_role/scope per route,
2,"session[""user_id""]",web_app.py,6951,"(session[""user_id""], subject, body, ""high""))",REPLACE with g.user_id (set by require_jwt from sub claim),
2,@login_required,web_app.py,6960,@login_required,REPLACE with @require_jwt -- plus @require_role/scope per route,
2,current_user(),web_app.py,6962,user = current_user(),REPLACE with g.user / claims['preferred_username'] / claims['email'],
2,@login_required,web_app.py,6973,@login_required,REPLACE with @require_jwt -- plus @require_role/scope per route,
2,current_user(),web_app.py,6983,user = current_user(),REPLACE with g.user / claims['preferred_username'] / claims['email'],
2,@login_required,web_app.py,7027,@login_required,REPLACE with @require_jwt -- plus @require_role/scope per route,
2,"session[""user_id""]",web_app.py,7038,"if plan and uid == session[""user_id""]:",REPLACE with g.user_id (set by require_jwt from sub claim),
2,@login_required,web_app.py,7053,@login_required,REPLACE with @require_jwt -- plus @require_role/scope per route,
2,"session[""user_id""]",web_app.py,7081,"(plan, session[""user_id""]))",REPLACE with g.user_id (set by require_jwt from sub claim),
2,"session[""user_id""]",web_app.py,7082,"_record_payment(session[""user_id""], ""paystack"", plan,",REPLACE with g.user_id (set by require_jwt from sub claim),
2,@login_required,web_app.py,7183,@login_required,REPLACE with @require_jwt -- plus @require_role/scope per route,
2,current_user(),web_app.py,7191,user = current_user(),REPLACE with g.user / claims['preferred_username'] / claims['email'],
2,@login_required,web_app.py,7206,@login_required,REPLACE with @require_jwt -- plus @require_role/scope per route,
2,"session[""user_id""]",web_app.py,7227,"(row[""plan""], expires, session[""user_id""]))",REPLACE with g.user_id (set by require_jwt from sub claim),
2,"session[""user_id""]",web_app.py,7229,"_record_payment(session[""user_id""], ""code"", row[""plan""], 0, reference=code)",REPLACE with g.user_id (set by require_jwt from sub claim),
2,@admin_required,web_app.py,7235,@admin_required,REPLACE with @require_role('platform_super_admin') OR @require_role('tenant_admin'),
2,"session[""user_id""]",web_app.py,7251,"(code, plan, duration, max_uses, session[""user_id""], expires))",REPLACE with g.user_id (set by require_jwt from sub claim),
2,current_user(),web_app.py,7261,"return render_template(""admin_codes.html"", user=current_user(),",REPLACE with g.user / claims['preferred_username'] / claims['email'],
2,current_user(),web_app.py,7444,"return render_template(""assess.html"", user=current_user(), countries=get_countries())",REPLACE with g.user / claims['preferred_username'] / claims['email'],
2,@login_required,web_app.py,7659,@login_required,REPLACE with @require_jwt -- plus @require_role/scope per route,
2,current_user(),web_app.py,7665,u       = current_user(),REPLACE with g.user / claims['preferred_username'] / claims['email'],
2,current_user(),web_app.py,7726,"return render_template(""installer_register.html"", user=current_user(), countries=get_countries())",REPLACE with g.user / claims['preferred_username'] / claims['email'],
2,@admin_required,web_app.py,7732,@admin_required,REPLACE with @require_role('platform_super_admin') OR @require_role('tenant_admin'),
2,current_user(),web_app.py,7766,"return render_template(""admin_assessments.html"", user=current_user(),",REPLACE with g.user / claims['preferred_username'] / claims['email'],
2,@admin_required,web_app.py,7773,@admin_required,REPLACE with @require_role('platform_super_admin') OR @require_role('tenant_admin'),
2,current_user(),web_app.py,7799,"return render_template(""admin_installers.html"", user=current_user(),",REPLACE with g.user / claims['preferred_username'] / claims['email'],
2,@admin_required,web_app.py,7807,@admin_required,REPLACE with @require_role('platform_super_admin') OR @require_role('tenant_admin'),
2,current_user(),web_app.py,7854,"return render_template(""admin_pipeline.html"", user=current_user(),",REPLACE with g.user / claims['preferred_username'] / claims['email'],
2,@admin_required,web_app.py,7860,@admin_required,REPLACE with @require_role('platform_super_admin') OR @require_role('tenant_admin'),
2,current_user(),web_app.py,7891,"return render_template(""admin_sales.html"", user=current_user(),",REPLACE with g.user / claims['preferred_username'] / claims['email'],
2,@admin_required,web_app.py,7902,@admin_required,REPLACE with @require_role('platform_super_admin') OR @require_role('tenant_admin'),
2,current_user(),web_app.py,7927,"return render_template(""admin_leads.html"", user=current_user(),",REPLACE with g.user / claims['preferred_username'] / claims['email'],
2,@admin_required,web_app.py,7932,@admin_required,REPLACE with @require_role('platform_super_admin') OR @require_role('tenant_admin'),
2,current_user(),web_app.py,7961,"return render_template(""admin_news.html"", user=current_user(), posts=posts)",REPLACE with g.user / claims['preferred_username'] / claims['email'],
2,@admin_required,web_app.py,7965,@admin_required,REPLACE with @require_role('platform_super_admin') OR @require_role('tenant_admin'),
2,current_user(),web_app.py,7969,"return render_template(""admin_newsletter.html"", user=current_user(), subs=subs)",REPLACE with g.user / claims['preferred_username'] / claims['email'],
2,@admin_required,web_app.py,7973,@admin_required,REPLACE with @require_role('platform_super_admin') OR @require_role('tenant_admin'),
2,@login_required,web_app.py,7985,@login_required,REPLACE with @require_jwt -- plus @require_role/scope per route,
2,current_user(),web_app.py,7993,"return render_template(""procurement.html"", user=current_user(),",REPLACE with g.user / claims['preferred_username'] / claims['email'],
2,@admin_required,web_app.py,7998,@admin_required,REPLACE with @require_role('platform_super_admin') OR @require_role('tenant_admin'),
2,current_user(),web_app.py,8033,"return render_template(""procurement_suppliers.html"", user=current_user(), suppliers=rows)",REPLACE with g.user / claims['preferred_username'] / claims['email'],
2,@admin_required,web_app.py,8037,@admin_required,REPLACE with @require_role('platform_super_admin') OR @require_role('tenant_admin'),
2,current_user(),web_app.py,8075,"return render_template(""procurement_catalog.html"", user=current_user(),",REPLACE with g.user / claims['preferred_username'] / claims['email'],
2,@login_required,web_app.py,8080,@login_required,REPLACE with @require_jwt -- plus @require_role/scope per route,
2,current_user(),web_app.py,8153,"return render_template(""procurement_plan.html"", user=current_user(),",REPLACE with g.user / claims['preferred_username'] / claims['email'],
2,@login_required,web_app.py,8161,@login_required,REPLACE with @require_jwt -- plus @require_role/scope per route,
2,@login_required,web_app.py,8248,@login_required,REPLACE with @require_jwt -- plus @require_role/scope per route,
2,current_user(),web_app.py,8257,user = dict(current_user() or {}),REPLACE with g.user / claims['preferred_username'] / claims['email'],
2,"session[""user_id""]",web_app.py,8307,"(session[""user_id""], pid, "","".join(recipients), subject,",REPLACE with g.user_id (set by require_jwt from sub claim),
2,"session[""user_id""]",web_app.py,8368,"(session[""user_id""], pid, "","".join(recipients), subject, ""sent""))",REPLACE with g.user_id (set by require_jwt from sub claim),
2,"session[""user_id""]",web_app.py,8375,"(session[""user_id""], pid, "","".join(recipients), subject, ""failed"", _err))",REPLACE with g.user_id (set by require_jwt from sub claim),
2,@login_required,web_app.py,8395,@login_required,REPLACE with @require_jwt -- plus @require_role/scope per route,
2,current_user(),web_app.py,8418,u = current_user(),REPLACE with g.user / claims['preferred_username'] / claims['email'],
2,@admin_required,web_app.py,8708,@admin_required,REPLACE with @require_role('platform_super_admin') OR @require_role('tenant_admin'),
2,current_user(),web_app.py,8741,"return render_template(""admin_platform.html"", user=current_user(),",REPLACE with g.user / claims['preferred_username'] / claims['email'],
2,@admin_required,web_app.py,8943,@admin_required,REPLACE with @require_role('platform_super_admin') OR @require_role('tenant_admin'),
2,current_user(),web_app.py,8971,"return render_template(""admin_agent.html"", user=current_user(),",REPLACE with g.user / claims['preferred_username'] / claims['email'],
2,@admin_required,web_app.py,8979,@admin_required,REPLACE with @require_role('platform_super_admin') OR @require_role('tenant_admin'),
2,@admin_required,web_app.py,9540,@admin_required,REPLACE with @require_role('platform_super_admin') OR @require_role('tenant_admin'),
2,@admin_required,web_app.py,9550,- @admin_required (only admin role),REPLACE with @require_role('platform_super_admin') OR @require_role('tenant_admin'),
2,@admin_required,web_app.py,9586,@admin_required,REPLACE with @require_role('platform_super_admin') OR @require_role('tenant_admin'),
2,@admin_required,web_app.py,9624,@admin_required,REPLACE with @require_role('platform_super_admin') OR @require_role('tenant_admin'),
2,@admin_required,web_app.py,9886,@admin_required,REPLACE with @require_role('platform_super_admin') OR @require_role('tenant_admin'),
2,@admin_required,web_app.py,9908,@admin_required,REPLACE with @require_role('platform_super_admin') OR @require_role('tenant_admin'),
2,@admin_required,web_app.py,9924,@admin_required,REPLACE with @require_role('platform_super_admin') OR @require_role('tenant_admin'),
2,@admin_required,web_app.py,9940,@admin_required,REPLACE with @require_role('platform_super_admin') OR @require_role('tenant_admin'),
2,@admin_required,web_app.py,9949,@admin_required,REPLACE with @require_role('platform_super_admin') OR @require_role('tenant_admin'),
2,@admin_required,web_app.py,10035,@admin_required,REPLACE with @require_role('platform_super_admin') OR @require_role('tenant_admin'),
2,@admin_required,web_app.py,10042,@admin_required,REPLACE with @require_role('platform_super_admin') OR @require_role('tenant_admin'),
2,@admin_required,web_app.py,10051,@admin_required,REPLACE with @require_role('platform_super_admin') OR @require_role('tenant_admin'),
2,@login_required,web_app.py,10112,@login_required,REPLACE with @require_jwt -- plus @require_role/scope per route,
2,"session[""user_id""]",web_app.py,10122,"(session[""user_id""],)).fetchone()",REPLACE with g.user_id (set by require_jwt from sub claim),
2,"session[""user_id""]",web_app.py,10129,"(session[""user_id""], username, uemail, fb_type, message, page))",REPLACE with g.user_id (set by require_jwt from sub claim),
2,@login_required,web_app.py,10142,@login_required,REPLACE with @require_jwt -- plus @require_role/scope per route,
2,current_user(),web_app.py,10147,"return render_template(""rate.html"", user=current_user())",REPLACE with g.user / claims['preferred_username'] / claims['email'],
2,@login_required,web_app.py,10151,@login_required,REPLACE with @require_jwt -- plus @require_role/scope per route,
2,"session[""user_id""]",web_app.py,10172,"(session[""user_id""],)).fetchone()",REPLACE with g.user_id (set by require_jwt from sub claim),
2,"session[""user_id""]",web_app.py,10184,"(session[""user_id""], username, uemail, ""rating"", full_msg, page,",REPLACE with g.user_id (set by require_jwt from sub claim),
2,@admin_required,web_app.py,10202,@admin_required,REPLACE with @require_role('platform_super_admin') OR @require_role('tenant_admin'),
2,@admin_required,web_app.py,10218,@admin_required,REPLACE with @require_role('platform_super_admin') OR @require_role('tenant_admin'),
2,@admin_required,web_app.py,10254,@admin_required,REPLACE with @require_role('platform_super_admin') OR @require_role('tenant_admin'),
2,@admin_required,web_app.py,10293,@admin_required,REPLACE with @require_role('platform_super_admin') OR @require_role('tenant_admin'),
2,@admin_required,web_app.py,10393,@admin_required,REPLACE with @require_role('platform_super_admin') OR @require_role('tenant_admin'),
2,@admin_required,web_app.py,10465,@admin_required,REPLACE with @require_role('platform_super_admin') OR @require_role('tenant_admin'),
2,@admin_required,web_app.py,10478,@admin_required,REPLACE with @require_role('platform_super_admin') OR @require_role('tenant_admin'),
2,@admin_required,web_app.py,10493,@admin_required,REPLACE with @require_role('platform_super_admin') OR @require_role('tenant_admin'),
2,@admin_required,web_app.py,10506,@admin_required,REPLACE with @require_role('platform_super_admin') OR @require_role('tenant_admin'),
2,@admin_required,web_app.py,10527,@admin_required,REPLACE with @require_role('platform_super_admin') OR @require_role('tenant_admin'),
2,@admin_required,web_app.py,10741,@admin_required,REPLACE with @require_role('platform_super_admin') OR @require_role('tenant_admin'),
2,current_user(),web_app.py,10770,"user=current_user(), security=security,",REPLACE with g.user / claims['preferred_username'] / claims['email'],
2,@admin_required,web_app.py,10780,@admin_required,REPLACE with @require_role('platform_super_admin') OR @require_role('tenant_admin'),
2,current_user(),web_app.py,10819,"user=current_user(),",REPLACE with g.user / claims['preferred_username'] / claims['email'],
2,@admin_required,web_app.py,10829,@admin_required,REPLACE with @require_role('platform_super_admin') OR @require_role('tenant_admin'),
2,@admin_required,web_app.py,10849,@admin_required,REPLACE with @require_role('platform_super_admin') OR @require_role('tenant_admin'),
2,@admin_required,web_app.py,10866,@admin_required,REPLACE with @require_role('platform_super_admin') OR @require_role('tenant_admin'),
2,@admin_required,web_app.py,10939,@admin_required,REPLACE with @require_role('platform_super_admin') OR @require_role('tenant_admin'),
2,@admin_required,web_app.py,10970,@admin_required,REPLACE with @require_role('platform_super_admin') OR @require_role('tenant_admin'),
2,@admin_required,web_app.py,10981,@admin_required,REPLACE with @require_role('platform_super_admin') OR @require_role('tenant_admin'),
2,@admin_required,web_app.py,10998,@admin_required,REPLACE with @require_role('platform_super_admin') OR @require_role('tenant_admin'),
2,@admin_required,web_app.py,11024,@admin_required,REPLACE with @require_role('platform_super_admin') OR @require_role('tenant_admin'),
2,@admin_required,web_app.py,11031,@admin_required,REPLACE with @require_role('platform_super_admin') OR @require_role('tenant_admin'),
2,@admin_required,web_app.py,11044,@admin_required,REPLACE with @require_role('platform_super_admin') OR @require_role('tenant_admin'),
2,@admin_required,web_app.py,11065,@admin_required,REPLACE with @require_role('platform_super_admin') OR @require_role('tenant_admin'),
2,@admin_required,web_app.py,11088,@admin_required,REPLACE with @require_role('platform_super_admin') OR @require_role('tenant_admin'),
2,@admin_required,web_app.py,11128,@admin_required,REPLACE with @require_role('platform_super_admin') OR @require_role('tenant_admin'),
2,@admin_required,web_app.py,11171,@admin_required,REPLACE with @require_role('platform_super_admin') OR @require_role('tenant_admin'),
2,@admin_required,web_app.py,11208,@admin_required,REPLACE with @require_role('platform_super_admin') OR @require_role('tenant_admin'),
2,@admin_required,web_app.py,11231,@admin_required,REPLACE with @require_role('platform_super_admin') OR @require_role('tenant_admin'),
2,@admin_required,web_app.py,11269,@admin_required,REPLACE with @require_role('platform_super_admin') OR @require_role('tenant_admin'),
2,@admin_required,web_app.py,11298,@admin_required,REPLACE with @require_role('platform_super_admin') OR @require_role('tenant_admin'),
2,@admin_required,web_app.py,11338,@admin_required,REPLACE with @require_role('platform_super_admin') OR @require_role('tenant_admin'),
2,@admin_required,web_app.py,11397,@admin_required,REPLACE with @require_role('platform_super_admin') OR @require_role('tenant_admin'),
2,@admin_required,web_app.py,11443,@admin_required,REPLACE with @require_role('platform_super_admin') OR @require_role('tenant_admin'),
2,@admin_required,web_app.py,11604,@admin_required,REPLACE with @require_role('platform_super_admin') OR @require_role('tenant_admin'),
2,@login_required,web_app.py,11660,@login_required,REPLACE with @require_jwt -- plus @require_role/scope per route,
2,current_user(),web_app.py,11667,u = current_user(),REPLACE with g.user / claims['preferred_username'] / claims['email'],
2,@admin_required,web_app.py,11699,@admin_required,REPLACE with @require_role('platform_super_admin') OR @require_role('tenant_admin'),
2,@admin_required,web_app.py,11738,@admin_required,REPLACE with @require_role('platform_super_admin') OR @require_role('tenant_admin'),
2,@admin_required,web_app.py,11762,@admin_required,REPLACE with @require_role('platform_super_admin') OR @require_role('tenant_admin'),
2,@admin_required,web_app.py,11801,@admin_required,REPLACE with @require_role('platform_super_admin') OR @require_role('tenant_admin'),
2,@admin_required,web_app.py,11842,@admin_required,REPLACE with @require_role('platform_super_admin') OR @require_role('tenant_admin'),
2,@admin_required,web_app.py,11876,@admin_required,REPLACE with @require_role('platform_super_admin') OR @require_role('tenant_admin'),
2,@admin_required,web_app.py,11906,@admin_required,REPLACE with @require_role('platform_super_admin') OR @require_role('tenant_admin'),
2,@login_required,web_app.py,11964,@login_required,REPLACE with @require_jwt -- plus @require_role/scope per route,
2,@login_required,web_app.py,12031,@login_required,REPLACE with @require_jwt -- plus @require_role/scope per route,
2,"session[""user_id""]",web_app.py,12034,"uid = session[""user_id""]",REPLACE with g.user_id (set by require_jwt from sub claim),
2,current_user(),web_app.py,12041,"return render_template(""folders_index.html"", user=current_user(), folders=folders)",REPLACE with g.user / claims['preferred_username'] / claims['email'],
2,@login_required,web_app.py,12045,@login_required,REPLACE with @require_jwt -- plus @require_role/scope per route,
2,"session[""user_id""]",web_app.py,12049,"uid = session[""user_id""]",REPLACE with g.user_id (set by require_jwt from sub claim),
2,current_user(),web_app.py,12078,"user=current_user(),",REPLACE with g.user / claims['preferred_username'] / claims['email'],
2,@login_required,web_app.py,12086,@login_required,REPLACE with @require_jwt -- plus @require_role/scope per route,
2,"session[""user_id""]",web_app.py,12093,"uid = session[""user_id""]",REPLACE with g.user_id (set by require_jwt from sub claim),
2,"session[""user_id""]",web_app.py,12116,"sess[""user_id""] = session[""user_id""]",REPLACE with g.user_id (set by require_jwt from sub claim),
2,@login_required,web_app.py,12662,@login_required,REPLACE with @require_jwt -- plus @require_role/scope per route,
2,current_user(),web_app.py,12941,"user=current_user(),",REPLACE with g.user / claims['preferred_username'] / claims['email'],
2,@login_required,web_app.py,12957,@login_required,REPLACE with @require_jwt -- plus @require_role/scope per route,
2,current_user(),web_app.py,12971,"user=current_user(),",REPLACE with g.user / claims['preferred_username'] / claims['email'],
2,@login_required,web_app.py,12979,@login_required,REPLACE with @require_jwt -- plus @require_role/scope per route,
2,current_user(),web_app.py,13232,"return render_template(""three_test.html"", user=current_user())",REPLACE with g.user / claims['preferred_username'] / claims['email'],
2,@login_required,web_app.py,13319,@login_required,REPLACE with @require_jwt -- plus @require_role/scope per route,
2,current_user(),web_app.py,13490,"user=current_user(),",REPLACE with g.user / claims['preferred_username'] / claims['email'],
2,@login_required,web_app.py,13499,@login_required,REPLACE with @require_jwt -- plus @require_role/scope per route,
2,@login_required,web_app.py,13530,@login_required,REPLACE with @require_jwt -- plus @require_role/scope per route,
2,@login_required,web_app.py,13564,@login_required,REPLACE with @require_jwt -- plus @require_role/scope per route,
2,current_user(),web_app.py,13608,"user=current_user(),",REPLACE with g.user / claims['preferred_username'] / claims['email'],
2,current_user(),web_app.py,14196,"user=current_user(),",REPLACE with g.user / claims['preferred_username'] / claims['email'],
2,current_user(),web_app.py,14218,if not current_user():,REPLACE with g.user / claims['preferred_username'] / claims['email'],
2,current_user(),web_app.py,14265,u = current_user(),REPLACE with g.user / claims['preferred_username'] / claims['email'],
2,current_user(),web_app.py,14276,u = current_user(),REPLACE with g.user / claims['preferred_username'] / claims['email'],
2,current_user(),web_app.py,14294,"""supplier_register.html"", user=current_user(), countries=get_countries()",REPLACE with g.user / claims['preferred_username'] / claims['email'],
2,current_user(),web_app.py,14301,"""supplier_register.html"", user=current_user(), countries=get_countries()",REPLACE with g.user / claims['preferred_username'] / claims['email'],
2,current_user(),web_app.py,14312,"""supplier_register.html"", user=current_user(), countries=get_countries()",REPLACE with g.user / claims['preferred_username'] / claims['email'],
2,current_user(),web_app.py,14317,"""supplier_register.html"", user=current_user(), countries=get_countries()",REPLACE with g.user / claims['preferred_username'] / claims['email'],
2,current_user(),web_app.py,14347,"""supplier_register.html"", user=current_user(), countries=get_countries()",REPLACE with g.user / claims['preferred_username'] / claims['email'],
2,"session[""user_id""]",web_app.py,14350,"session[""user_id""] = uid",REPLACE with g.user_id (set by require_jwt from sub claim),
2,@supplier_required,web_app.py,14361,@supplier_required,REPLACE with @require_role('supplier_admin') + @require_tenant_match('supplier_id'),
2,current_user(),web_app.py,14381,"user=current_user(),",REPLACE with g.user / claims['preferred_username'] / claims['email'],
2,@supplier_required,web_app.py,14389,@supplier_required,REPLACE with @require_role('supplier_admin') + @require_tenant_match('supplier_id'),
2,current_user(),web_app.py,14404,"user=current_user(),",REPLACE with g.user / claims['preferred_username'] / claims['email'],
2,@supplier_required,web_app.py,14411,@supplier_required,REPLACE with @require_role('supplier_admin') + @require_tenant_match('supplier_id'),
2,current_user(),web_app.py,14426,"user=current_user(),",REPLACE with g.user / claims['preferred_username'] / claims['email'],
2,@supplier_required,web_app.py,14529,@supplier_required,REPLACE with @require_role('supplier_admin') + @require_tenant_match('supplier_id'),
2,@supplier_required,web_app.py,14587,@supplier_required,REPLACE with @require_role('supplier_admin') + @require_tenant_match('supplier_id'),
2,current_user(),web_app.py,14594,"""supplier_upload.html"", user=current_user(), supplier=s",REPLACE with g.user / claims['preferred_username'] / claims['email'],
2,@admin_required,web_app.py,14747,@admin_required,REPLACE with @require_role('platform_super_admin') OR @require_role('tenant_admin'),
2,current_user(),web_app.py,14775,"user=current_user(),",REPLACE with g.user / claims['preferred_username'] / claims['email'],
2,@admin_required,web_app.py,14785,@admin_required,REPLACE with @require_role('platform_super_admin') OR @require_role('tenant_admin'),
2,current_user(),web_app.py,14826,"user=current_user(),",REPLACE with g.user / claims['preferred_username'] / claims['email'],
2,@admin_required,web_app.py,14836,@admin_required,REPLACE with @require_role('platform_super_admin') OR @require_role('tenant_admin'),
2,@admin_required,web_app.py,14866,@admin_required,REPLACE with @require_role('platform_super_admin') OR @require_role('tenant_admin'),
2,@admin_required,web_app.py,14885,@admin_required,REPLACE with @require_role('platform_super_admin') OR @require_role('tenant_admin'),
2,@admin_required,web_app.py,14917,@admin_required,REPLACE with @require_role('platform_super_admin') OR @require_role('tenant_admin'),
2,@admin_required,web_app.py,14934,@admin_required,REPLACE with @require_role('platform_super_admin') OR @require_role('tenant_admin'),
2,@login_required,web_app.py,15127,@login_required,REPLACE with @require_jwt -- plus @require_role/scope per route,
2,"session[""user_id""]",web_app.py,15131,"uid = session[""user_id""]",REPLACE with g.user_id (set by require_jwt from sub claim),
2,current_user(),web_app.py,15141,"return render_template(""rfqs_list.html"", user=current_user(), rfqs=rows)",REPLACE with g.user / claims['preferred_username'] / claims['email'],
2,@login_required,web_app.py,15145,@login_required,REPLACE with @require_jwt -- plus @require_role/scope per route,
2,"session[""user_id""]",web_app.py,15149,"uid = session[""user_id""]",REPLACE with g.user_id (set by require_jwt from sub claim),
2,current_user(),web_app.py,15165,"user=current_user(),",REPLACE with g.user / claims['preferred_username'] / claims['email'],
2,@login_required,web_app.py,15207,@login_required,REPLACE with @require_jwt -- plus @require_role/scope per route,
2,"session[""user_id""]",web_app.py,15210,"uid = session[""user_id""]",REPLACE with g.user_id (set by require_jwt from sub claim),
2,current_user(),web_app.py,15257,"user=current_user(),",REPLACE with g.user / claims['preferred_username'] / claims['email'],
2,@login_required,web_app.py,15268,@login_required,REPLACE with @require_jwt -- plus @require_role/scope per route,
2,"session[""user_id""]",web_app.py,15270,"uid = session[""user_id""]",REPLACE with g.user_id (set by require_jwt from sub claim),
2,@login_required,web_app.py,15308,@login_required,REPLACE with @require_jwt -- plus @require_role/scope per route,
2,"session[""user_id""]",web_app.py,15310,"uid = session[""user_id""]",REPLACE with g.user_id (set by require_jwt from sub claim),
2,@login_required,web_app.py,15325,@login_required,REPLACE with @require_jwt -- plus @require_role/scope per route,
2,"session[""user_id""]",web_app.py,15327,"uid = session[""user_id""]",REPLACE with g.user_id (set by require_jwt from sub claim),
2,@login_required,web_app.py,15395,@login_required,REPLACE with @require_jwt -- plus @require_role/scope per route,
2,"session[""user_id""]",web_app.py,15397,"uid = session[""user_id""]",REPLACE with g.user_id (set by require_jwt from sub claim),
2,@login_required,web_app.py,15420,@login_required,REPLACE with @require_jwt -- plus @require_role/scope per route,
2,"session[""user_id""]",web_app.py,15422,"uid = session[""user_id""]",REPLACE with g.user_id (set by require_jwt from sub claim),
2,@supplier_required,web_app.py,15440,@supplier_required,REPLACE with @require_role('supplier_admin') + @require_tenant_match('supplier_id'),
2,current_user(),web_app.py,15461,"""supplier_rfqs_inbox.html"", user=current_user(), supplier=s, rfqs=rows",REPLACE with g.user / claims['preferred_username'] / claims['email'],
2,@supplier_required,web_app.py,15466,@supplier_required,REPLACE with @require_role('supplier_admin') + @require_tenant_match('supplier_id'),
2,current_user(),web_app.py,15497,"user=current_user(),",REPLACE with g.user / claims['preferred_username'] / claims['email'],
2,@login_required,web_app.py,15784,@login_required,REPLACE with @require_jwt -- plus @require_role/scope per route,
2,"session[""user_id""]",web_app.py,15787,"uid = session[""user_id""]",REPLACE with g.user_id (set by require_jwt from sub claim),
2,current_user(),web_app.py,15796,"return render_template(""boms_list.html"", user=current_user(), boms=rows)",REPLACE with g.user / claims['preferred_username'] / claims['email'],
2,@login_required,web_app.py,15800,@login_required,REPLACE with @require_jwt -- plus @require_role/scope per route,
2,"session[""user_id""]",web_app.py,15803,"uid = session[""user_id""]",REPLACE with g.user_id (set by require_jwt from sub claim),
2,current_user(),web_app.py,15805,"return render_template(""bom_new.html"", user=current_user())",REPLACE with g.user / claims['preferred_username'] / claims['email'],
2,@login_required,web_app.py,15833,@login_required,REPLACE with @require_jwt -- plus @require_role/scope per route,
2,"session[""user_id""]",web_app.py,15836,"uid = session[""user_id""]",REPLACE with g.user_id (set by require_jwt from sub claim),
2,current_user(),web_app.py,15845,"user=current_user(),",REPLACE with g.user / claims['preferred_username'] / claims['email'],
2,@login_required,web_app.py,15857,@login_required,REPLACE with @require_jwt -- plus @require_role/scope per route,
2,"session[""user_id""]",web_app.py,15859,"uid = session[""user_id""]",REPLACE with g.user_id (set by require_jwt from sub claim),
2,@login_required,web_app.py,15905,@login_required,REPLACE with @require_jwt -- plus @require_role/scope per route,
2,"session[""user_id""]",web_app.py,15907,"uid = session[""user_id""]",REPLACE with g.user_id (set by require_jwt from sub claim),
2,@login_required,web_app.py,15926,@login_required,REPLACE with @require_jwt -- plus @require_role/scope per route,
2,"session[""user_id""]",web_app.py,15941,"uid = session[""user_id""]",REPLACE with g.user_id (set by require_jwt from sub claim),
2,@login_required,web_app.py,15984,@login_required,REPLACE with @require_jwt -- plus @require_role/scope per route,
2,"session[""user_id""]",web_app.py,15987,"uid = session[""user_id""]",REPLACE with g.user_id (set by require_jwt from sub claim),
2,@login_required,web_app.py,16018,@login_required,REPLACE with @require_jwt -- plus @require_role/scope per route,
2,"session[""user_id""]",web_app.py,16020,"uid = session[""user_id""]",REPLACE with g.user_id (set by require_jwt from sub claim),
2,current_user(),web_app.py,16033,"user=current_user(),",REPLACE with g.user / claims['preferred_username'] / claims['email'],
2,current_user(),web_app.py,16530,u = current_user(),REPLACE with g.user / claims['preferred_username'] / claims['email'],
2,@admin_required,web_app.py,16545,@admin_required,REPLACE with @require_role('platform_super_admin') OR @require_role('tenant_admin'),
2,current_user(),web_app.py,16559,"""admin_marketplace_staff.html"", user=current_user(), users=rows",REPLACE with g.user / claims['preferred_username'] / claims['email'],
2,@admin_required,web_app.py,16564,@admin_required,REPLACE with @require_role('platform_super_admin') OR @require_role('tenant_admin'),
2,@admin_required,web_app.py,16584,@admin_required,REPLACE with @require_role('platform_super_admin') OR @require_role('tenant_admin'),
2,@procurement_role_required,web_app.py,16604,@procurement_role_required,"REPLACE with @require_any_role(['procurement_specialist','tenant_admin'])",
2,current_user(),web_app.py,16628,"""admin_marketplace_suppliers.html"", user=current_user(),",REPLACE with g.user / claims['preferred_username'] / claims['email'],
2,@procurement_role_required,web_app.py,16634,@procurement_role_required,"REPLACE with @require_any_role(['procurement_specialist','tenant_admin'])",
2,current_user(),web_app.py,16643,"user=current_user(), supplier=s, countries=get_countries(),",REPLACE with g.user / claims['preferred_username'] / claims['email'],
2,@procurement_role_required,web_app.py,16675,@procurement_role_required,"REPLACE with @require_any_role(['procurement_specialist','tenant_admin'])",
2,@procurement_role_required,web_app.py,16700,@procurement_role_required,"REPLACE with @require_any_role(['procurement_specialist','tenant_admin'])",
2,current_user(),web_app.py,16729,"""admin_marketplace_products.html"", user=current_user(),",REPLACE with g.user / claims['preferred_username'] / claims['email'],
2,@procurement_role_required,web_app.py,16735,@procurement_role_required,"REPLACE with @require_any_role(['procurement_specialist','tenant_admin'])",
2,current_user(),web_app.py,16754,"user=current_user(), product=p, categories=categories, suppliers=suppliers,",REPLACE with g.user / claims['preferred_username'] / claims['email'],
2,@procurement_role_required,web_app.py,16803,@procurement_role_required,"REPLACE with @require_any_role(['procurement_specialist','tenant_admin'])",
2,@login_required,web_app.py,16825,@login_required,REPLACE with @require_jwt -- plus @require_role/scope per route,
2,"session[""user_id""]",web_app.py,16829,"uid = session[""user_id""]",REPLACE with g.user_id (set by require_jwt from sub claim),
2,current_user(),web_app.py,16830,u = current_user(),REPLACE with g.user / claims['preferred_username'] / claims['email'],
2,@login_required,web_app.py,17184,@login_required,REPLACE with @require_jwt -- plus @require_role/scope per route,
2,"session[""user_id""]",web_app.py,17186,"uid = session[""user_id""]",REPLACE with g.user_id (set by require_jwt from sub claim),
2,@login_required,web_app.py,17220,@login_required,REPLACE with @require_jwt -- plus @require_role/scope per route,
2,"session[""user_id""]",web_app.py,17222,"uid = session[""user_id""]",REPLACE with g.user_id (set by require_jwt from sub claim),
2,@login_required,web_app.py,17340,@login_required,REPLACE with @require_jwt -- plus @require_role/scope per route,
2,"session[""user_id""]",web_app.py,17342,"uid = session[""user_id""]",REPLACE with g.user_id (set by require_jwt from sub claim),
2,@login_required,web_app.py,17527,@login_required,REPLACE with @require_jwt -- plus @require_role/scope per route,
2,current_user(),web_app.py,17599,"user=current_user(),",REPLACE with g.user / claims['preferred_username'] / claims['email'],
2,@login_required,web_app.py,17615,@login_required,REPLACE with @require_jwt -- plus @require_role/scope per route,
2,"session[""user_id""]",web_app.py,17624,"uid = session[""user_id""]",REPLACE with g.user_id (set by require_jwt from sub claim),
2,@login_required,web_app.py,17739,@login_required,REPLACE with @require_jwt -- plus @require_role/scope per route,
2,"session[""user_id""]",web_app.py,17742,"uid = session[""user_id""]",REPLACE with g.user_id (set by require_jwt from sub claim),
2,current_user(),web_app.py,17753,"""price_sheets_list.html"", user=current_user(), sheets=rows",REPLACE with g.user / claims['preferred_username'] / claims['email'],
2,@login_required,web_app.py,17758,@login_required,REPLACE with @require_jwt -- plus @require_role/scope per route,
2,"session[""user_id""]",web_app.py,17761,"uid = session[""user_id""]",REPLACE with g.user_id (set by require_jwt from sub claim),
2,current_user(),web_app.py,17771,"user=current_user(), sheet=sheet, items=items,",REPLACE with g.user / claims['preferred_username'] / claims['email'],
2,@supplier_required,web_app.py,17805,@supplier_required,REPLACE with @require_role('supplier_admin') + @require_tenant_match('supplier_id'),
2,current_user(),web_app.py,17820,"user=current_user(),",REPLACE with g.user / claims['preferred_username'] / claims['email'],
2,@supplier_required,web_app.py,17868,@supplier_required,REPLACE with @require_role('supplier_admin') + @require_tenant_match('supplier_id'),
2,current_user(),web_app.py,17897,u = current_user(),REPLACE with g.user / claims['preferred_username'] / claims['email'],
2,@admin_required,web_app.py,17909,@admin_required,REPLACE with @require_role('platform_super_admin') OR @require_role('tenant_admin'),
2,@admin_required,web_app.py,17933,@admin_required,REPLACE with @require_role('platform_super_admin') OR @require_role('tenant_admin'),
2,current_user(),web_app.py,17980,"user=current_user(),",REPLACE with g.user / claims['preferred_username'] / claims['email'],
2,current_user(),web_app.py,18024,"user=current_user(),",REPLACE with g.user / claims['preferred_username'] / claims['email'],
4,is_admin,web_app.py,248,"is_admin INTEGER DEFAULT 0,",REPLACE with 'platform_super_admin' in g.roles,
4,is_admin,web_app.py,288,"is_admin  INTEGER DEFAULT 0,",REPLACE with 'platform_super_admin' in g.roles,
4,is_admin,web_app.py,540,"""ALTER TABLE users ADD COLUMN is_admin INTEGER DEFAULT 0"",",REPLACE with 'platform_super_admin' in g.roles,
4,is_admin,web_app.py,650,"for uname, email, name, pwd, plan, is_admin in _SEED_USERS:",REPLACE with 'platform_super_admin' in g.roles,
4,is_admin,web_app.py,654,"""INSERT INTO users (username,email,name,password_hash,plan,is_admin) """,REPLACE with 'platform_super_admin' in g.roles,
4,is_admin,web_app.py,656,"(uname, email, name, generate_password_hash(pwd), plan, is_admin))",REPLACE with 'platform_super_admin' in g.roles,
4,is_admin,web_app.py,697,"admins = c.execute(""SELECT COUNT(*) FROM users WHERE is_admin=1"").fetchone()[0]",REPLACE with 'platform_super_admin' in g.roles,
4,is_admin,web_app.py,699,"c.execute(""UPDATE users SET is_admin=1 WHERE id=(SELECT MIN(id) FROM users)"")",REPLACE with 'platform_super_admin' in g.roles,
4,is_admin,web_app.py,1694,"""SELECT org_whatsapp FROM users WHERE is_admin=1 ORDER BY id LIMIT 1""",REPLACE with 'platform_super_admin' in g.roles,
4,is_admin,web_app.py,2599,"if u and u[""is_admin""]:",REPLACE with 'platform_super_admin' in g.roles,
4,is_admin,web_app.py,6020,"u = c.execute(""SELECT is_admin FROM users WHERE id=?"",",REPLACE with 'platform_super_admin' in g.roles,
4,is_admin,web_app.py,6022,"if not u or not u[""is_admin""]:",REPLACE with 'platform_super_admin' in g.roles,
4,is_admin,web_app.py,6043,"""SELECT id, username, email, plan, created_at, is_admin """,REPLACE with 'platform_super_admin' in g.roles,
4,is_admin,web_app.py,6079,"cur = c.execute(""SELECT is_admin FROM users WHERE id=?"", (uid,)).fetchone()",REPLACE with 'platform_super_admin' in g.roles,
4,is_admin,web_app.py,6080,"new_val = 0 if cur and cur[""is_admin""] else 1",REPLACE with 'platform_super_admin' in g.roles,
4,is_admin,web_app.py,6081,"c.execute(""UPDATE users SET is_admin=? WHERE id=?"", (new_val, uid))",REPLACE with 'platform_super_admin' in g.roles,
4,is_admin,web_app.py,6099,"_meta = c.execute(""SELECT id, is_admin, username FROM users WHERE id=?"",",REPLACE with 'platform_super_admin' in g.roles,
4,is_admin,web_app.py,6103,"elif _meta[""is_admin""]:",REPLACE with 'platform_super_admin' in g.roles,
4,is_admin,web_app.py,6179,"""SELECT r.*, u.username, u.is_admin AS sender_is_admin FROM ticket_replies r """,REPLACE with 'platform_super_admin' in g.roles,
4,is_admin,web_app.py,6196,"""INSERT INTO ticket_replies (ticket_id,user_id,is_admin,message) VALUES (?,?,1,?)"",",REPLACE with 'platform_super_admin' in g.roles,
4,is_admin,web_app.py,6600,"""INSERT INTO ticket_replies (ticket_id,user_id,is_admin,message) VALUES (?,?,0,?)"",",REPLACE with 'platform_super_admin' in g.roles,
4,is_admin,web_app.py,10898,"results[""admin_users""] = c.execute(""SELECT COUNT(*) FROM users WHERE is_admin=1"").fetchone()[0]",REPLACE with 'platform_super_admin' in g.roles,
4,is_admin,web_app.py,10953,"if ""is_admin"" in cols:   sel_cols.append(""is_admin"")",REPLACE with 'platform_super_admin' in g.roles,
4,is_admin,web_app.py,11147,"admin_count = conn.execute(""SELECT COUNT(*) FROM users WHERE is_admin=1"").fetchone()[0]",REPLACE with 'platform_super_admin' in g.roles,
4,is_admin,web_app.py,11457,"row = conn.execute(""SELECT email FROM users WHERE is_admin=1 LIMIT 1"").fetchone()",REPLACE with 'platform_super_admin' in g.roles,
4,is_admin,web_app.py,11822,"admin_count = conn.execute(""SELECT COUNT(*) FROM users WHERE is_admin=1"").fetchone()[0]",REPLACE with 'platform_super_admin' in g.roles,
4,is_admin,web_app.py,16524,"""""""Decorator: allows is_admin=1 OR role='procurement_specialist'.",REPLACE with 'platform_super_admin' in g.roles,
4,is_admin,web_app.py,16533,"if u[""is_admin""]:",REPLACE with 'platform_super_admin' in g.roles,
4,is_admin,web_app.py,16553,"""SELECT id, username, email, name, company, role, is_admin, created_at """,REPLACE with 'platform_super_admin' in g.roles,
4,is_admin,web_app.py,16926,"""SELECT email FROM users WHERE is_admin=1 AND email != '' """,REPLACE with 'platform_super_admin' in g.roles,
4,is_admin,web_app.py,17891,"""""""Decorator: allows is_admin=1 OR role='technical_support'.",REPLACE with 'platform_super_admin' in g.roles,
4,is_admin,web_app.py,17900,"if u[""is_admin""]:",REPLACE with 'platform_super_admin' in g.roles,
4,is_admin,web_app.py,17956,"install dispatch. Admins can view too (decorator allows is_admin).""""""",REPLACE with 'platform_super_admin' in g.roles,
5,csrf_protect,web_app.py,105,def csrf_protect():,AUDIT -- bearer-only API is largely CSRF-immune; keep for any remaining form-post,
5,csrf_protect,web_app.py,1717,csrf_protect(),AUDIT -- bearer-only API is largely CSRF-immune; keep for any remaining form-post,
5,csrf_protect,web_app.py,1832,csrf_protect(),AUDIT -- bearer-only API is largely CSRF-immune; keep for any remaining form-post,
5,csrf_protect,web_app.py,1904,csrf_protect(),AUDIT -- bearer-only API is largely CSRF-immune; keep for any remaining form-post,
5,csrf_protect,web_app.py,1965,csrf_protect(),AUDIT -- bearer-only API is largely CSRF-immune; keep for any remaining form-post,
5,csrf_protect,web_app.py,2587,csrf_protect(),AUDIT -- bearer-only API is largely CSRF-immune; keep for any remaining form-post,
5,csrf_protect,web_app.py,2692,csrf_protect(),AUDIT -- bearer-only API is largely CSRF-immune; keep for any remaining form-post,
5,csrf_protect,web_app.py,2792,csrf_protect(),AUDIT -- bearer-only API is largely CSRF-immune; keep for any remaining form-post,
5,csrf_protect,web_app.py,3313,csrf_protect(),AUDIT -- bearer-only API is largely CSRF-immune; keep for any remaining form-post,
5,csrf_protect,web_app.py,3325,csrf_protect(),AUDIT -- bearer-only API is largely CSRF-immune; keep for any remaining form-post,
5,csrf_protect,web_app.py,3362,csrf_protect(),AUDIT -- bearer-only API is largely CSRF-immune; keep for any remaining form-post,
5,csrf_protect,web_app.py,6070,csrf_protect(),AUDIT -- bearer-only API is largely CSRF-immune; keep for any remaining form-post,
5,csrf_protect,web_app.py,6189,csrf_protect(),AUDIT -- bearer-only API is largely CSRF-immune; keep for any remaining form-post,
5,csrf_protect,web_app.py,6217,csrf_protect(),AUDIT -- bearer-only API is largely CSRF-immune; keep for any remaining form-post,
5,csrf_protect,web_app.py,6249,"csrf_protect() if request.method == ""POST"" else None",AUDIT -- bearer-only API is largely CSRF-immune; keep for any remaining form-post,
5,csrf_protect,web_app.py,6339,csrf_protect(),AUDIT -- bearer-only API is largely CSRF-immune; keep for any remaining form-post,
5,csrf_protect,web_app.py,6417,csrf_protect(),AUDIT -- bearer-only API is largely CSRF-immune; keep for any remaining form-post,
5,csrf_protect,web_app.py,6448,csrf_protect(),AUDIT -- bearer-only API is largely CSRF-immune; keep for any remaining form-post,
5,csrf_protect,web_app.py,6561,csrf_protect(),AUDIT -- bearer-only API is largely CSRF-immune; keep for any remaining form-post,
5,csrf_protect,web_app.py,6595,csrf_protect(),AUDIT -- bearer-only API is largely CSRF-immune; keep for any remaining form-post,
5,csrf_protect,web_app.py,6778,csrf_protect(),AUDIT -- bearer-only API is largely CSRF-immune; keep for any remaining form-post,
5,csrf_protect,web_app.py,6930,csrf_protect(),AUDIT -- bearer-only API is largely CSRF-immune; keep for any remaining form-post,
5,csrf_protect,web_app.py,6976,csrf_protect(),AUDIT -- bearer-only API is largely CSRF-immune; keep for any remaining form-post,
5,csrf_protect,web_app.py,7057,csrf_protect(),AUDIT -- bearer-only API is largely CSRF-immune; keep for any remaining form-post,
5,csrf_protect,web_app.py,7187,csrf_protect(),AUDIT -- bearer-only API is largely CSRF-immune; keep for any remaining form-post,
5,csrf_protect,web_app.py,7209,csrf_protect(),AUDIT -- bearer-only API is largely CSRF-immune; keep for any remaining form-post,
5,csrf_protect,web_app.py,7238,csrf_protect(),AUDIT -- bearer-only API is largely CSRF-immune; keep for any remaining form-post,
5,csrf_protect,web_app.py,7662,csrf_protect(),AUDIT -- bearer-only API is largely CSRF-immune; keep for any remaining form-post,
5,csrf_protect,web_app.py,7735,csrf_protect(),AUDIT -- bearer-only API is largely CSRF-immune; keep for any remaining form-post,
5,csrf_protect,web_app.py,7776,csrf_protect(),AUDIT -- bearer-only API is largely CSRF-immune; keep for any remaining form-post,
5,csrf_protect,web_app.py,7905,csrf_protect(),AUDIT -- bearer-only API is largely CSRF-immune; keep for any remaining form-post,
5,csrf_protect,web_app.py,7935,csrf_protect(),AUDIT -- bearer-only API is largely CSRF-immune; keep for any remaining form-post,
5,csrf_protect,web_app.py,7975,csrf_protect(),AUDIT -- bearer-only API is largely CSRF-immune; keep for any remaining form-post,
5,csrf_protect,web_app.py,8001,csrf_protect(),AUDIT -- bearer-only API is largely CSRF-immune; keep for any remaining form-post,
5,csrf_protect,web_app.py,8040,csrf_protect(),AUDIT -- bearer-only API is largely CSRF-immune; keep for any remaining form-post,
5,csrf_protect,web_app.py,8293,csrf_protect(),AUDIT -- bearer-only API is largely CSRF-immune; keep for any remaining form-post,
5,csrf_protect,web_app.py,8982,csrf_protect(),AUDIT -- bearer-only API is largely CSRF-immune; keep for any remaining form-post,
5,csrf_protect,web_app.py,9551,- CSRF token via csrf_protect(),AUDIT -- bearer-only API is largely CSRF-immune; keep for any remaining form-post,
5,csrf_protect,web_app.py,9557,csrf_protect(),AUDIT -- bearer-only API is largely CSRF-immune; keep for any remaining form-post,
5,csrf_protect,web_app.py,9589,csrf_protect(),AUDIT -- bearer-only API is largely CSRF-immune; keep for any remaining form-post,
5,csrf_protect,web_app.py,9626,csrf_protect(),AUDIT -- bearer-only API is largely CSRF-immune; keep for any remaining form-post,
5,csrf_protect,web_app.py,9911,csrf_protect(),AUDIT -- bearer-only API is largely CSRF-immune; keep for any remaining form-post,
5,csrf_protect,web_app.py,9942,csrf_protect(),AUDIT -- bearer-only API is largely CSRF-immune; keep for any remaining form-post,
5,csrf_protect,web_app.py,9952,csrf_protect(),AUDIT -- bearer-only API is largely CSRF-immune; keep for any remaining form-post,
5,csrf_protect,web_app.py,10044,csrf_protect(),AUDIT -- bearer-only API is largely CSRF-immune; keep for any remaining form-post,
5,csrf_protect,web_app.py,10053,csrf_protect(),AUDIT -- bearer-only API is largely CSRF-immune; keep for any remaining form-post,
5,csrf_protect,web_app.py,10077,csrf_protect(),AUDIT -- bearer-only API is largely CSRF-immune; keep for any remaining form-post,
5,csrf_protect,web_app.py,10114,csrf_protect(),AUDIT -- bearer-only API is largely CSRF-immune; keep for any remaining form-post,
5,csrf_protect,web_app.py,10156,csrf_protect(),AUDIT -- bearer-only API is largely CSRF-immune; keep for any remaining form-post,
5,csrf_protect,web_app.py,10220,csrf_protect(),AUDIT -- bearer-only API is largely CSRF-immune; keep for any remaining form-post,
5,csrf_protect,web_app.py,10256,csrf_protect(),AUDIT -- bearer-only API is largely CSRF-immune; keep for any remaining form-post,
5,csrf_protect,web_app.py,10295,csrf_protect(),AUDIT -- bearer-only API is largely CSRF-immune; keep for any remaining form-post,
5,csrf_protect,web_app.py,10529,csrf_protect(),AUDIT -- bearer-only API is largely CSRF-immune; keep for any remaining form-post,
5,csrf_protect,web_app.py,10891,csrf_protect(),AUDIT -- bearer-only API is largely CSRF-immune; keep for any remaining form-post,
5,csrf_protect,web_app.py,11174,csrf_protect(),AUDIT -- bearer-only API is largely CSRF-immune; keep for any remaining form-post,
5,csrf_protect,web_app.py,11211,csrf_protect(),AUDIT -- bearer-only API is largely CSRF-immune; keep for any remaining form-post,
5,csrf_protect,web_app.py,11234,csrf_protect(),AUDIT -- bearer-only API is largely CSRF-immune; keep for any remaining form-post,
5,csrf_protect,web_app.py,11341,csrf_protect(),AUDIT -- bearer-only API is largely CSRF-immune; keep for any remaining form-post,
5,csrf_protect,web_app.py,11446,csrf_protect(),AUDIT -- bearer-only API is largely CSRF-immune; keep for any remaining form-post,
5,csrf_protect,web_app.py,12671,csrf_protect(),AUDIT -- bearer-only API is largely CSRF-immune; keep for any remaining form-post,
5,csrf_protect,web_app.py,13339,csrf_protect(),AUDIT -- bearer-only API is largely CSRF-immune; keep for any remaining form-post,
5,csrf_protect,web_app.py,13535,csrf_protect(),AUDIT -- bearer-only API is largely CSRF-immune; keep for any remaining form-post,
5,csrf_protect,web_app.py,14296,csrf_protect(),AUDIT -- bearer-only API is largely CSRF-immune; keep for any remaining form-post,
5,csrf_protect,web_app.py,14433,csrf_protect(),AUDIT -- bearer-only API is largely CSRF-immune; keep for any remaining form-post,
5,csrf_protect,web_app.py,14596,csrf_protect(),AUDIT -- bearer-only API is largely CSRF-immune; keep for any remaining form-post,
5,csrf_protect,web_app.py,14838,csrf_protect(),AUDIT -- bearer-only API is largely CSRF-immune; keep for any remaining form-post,
5,csrf_protect,web_app.py,14868,csrf_protect(),AUDIT -- bearer-only API is largely CSRF-immune; keep for any remaining form-post,
5,csrf_protect,web_app.py,14887,csrf_protect(),AUDIT -- bearer-only API is largely CSRF-immune; keep for any remaining form-post,
5,csrf_protect,web_app.py,14919,csrf_protect(),AUDIT -- bearer-only API is largely CSRF-immune; keep for any remaining form-post,
5,csrf_protect,web_app.py,14943,csrf_protect(),AUDIT -- bearer-only API is largely CSRF-immune; keep for any remaining form-post,
5,csrf_protect,web_app.py,15170,csrf_protect(),AUDIT -- bearer-only API is largely CSRF-immune; keep for any remaining form-post,
5,csrf_protect,web_app.py,15274,csrf_protect(),AUDIT -- bearer-only API is largely CSRF-immune; keep for any remaining form-post,
5,csrf_protect,web_app.py,15314,csrf_protect(),AUDIT -- bearer-only API is largely CSRF-immune; keep for any remaining form-post,
5,csrf_protect,web_app.py,15331,csrf_protect(),AUDIT -- bearer-only API is largely CSRF-immune; keep for any remaining form-post,
5,csrf_protect,web_app.py,15401,csrf_protect(),AUDIT -- bearer-only API is largely CSRF-immune; keep for any remaining form-post,
5,csrf_protect,web_app.py,15426,csrf_protect(),AUDIT -- bearer-only API is largely CSRF-immune; keep for any remaining form-post,
5,csrf_protect,web_app.py,15505,csrf_protect(),AUDIT -- bearer-only API is largely CSRF-immune; keep for any remaining form-post,
5,csrf_protect,web_app.py,15806,csrf_protect(),AUDIT -- bearer-only API is largely CSRF-immune; keep for any remaining form-post,
5,csrf_protect,web_app.py,15861,csrf_protect(),AUDIT -- bearer-only API is largely CSRF-immune; keep for any remaining form-post,
5,csrf_protect,web_app.py,15909,csrf_protect(),AUDIT -- bearer-only API is largely CSRF-immune; keep for any remaining form-post,
5,csrf_protect,web_app.py,15938,csrf_protect(),AUDIT -- bearer-only API is largely CSRF-immune; keep for any remaining form-post,
5,csrf_protect,web_app.py,15989,csrf_protect(),AUDIT -- bearer-only API is largely CSRF-immune; keep for any remaining form-post,
5,csrf_protect,web_app.py,16566,csrf_protect(),AUDIT -- bearer-only API is largely CSRF-immune; keep for any remaining form-post,
5,csrf_protect,web_app.py,16586,csrf_protect(),AUDIT -- bearer-only API is largely CSRF-immune; keep for any remaining form-post,
5,csrf_protect,web_app.py,16645,csrf_protect(),AUDIT -- bearer-only API is largely CSRF-immune; keep for any remaining form-post,
5,csrf_protect,web_app.py,16677,csrf_protect(),AUDIT -- bearer-only API is largely CSRF-immune; keep for any remaining form-post,
5,csrf_protect,web_app.py,16759,csrf_protect(),AUDIT -- bearer-only API is largely CSRF-immune; keep for any remaining form-post,
5,csrf_protect,web_app.py,16805,csrf_protect(),AUDIT -- bearer-only API is largely CSRF-immune; keep for any remaining form-post,
5,csrf_protect,web_app.py,17188,csrf_protect(),AUDIT -- bearer-only API is largely CSRF-immune; keep for any remaining form-post,
5,csrf_protect,web_app.py,17619,csrf_protect(),AUDIT -- bearer-only API is largely CSRF-immune; keep for any remaining form-post,
5,csrf_protect,web_app.py,17825,csrf_protect(),AUDIT -- bearer-only API is largely CSRF-immune; keep for any remaining form-post,
5,csrf_protect,web_app.py,17872,csrf_protect(),AUDIT -- bearer-only API is largely CSRF-immune; keep for any remaining form-post,
5,csrf_protect,web_app.py,17911,csrf_protect(),AUDIT -- bearer-only API is largely CSRF-immune; keep for any remaining form-post,
5,csrf_protect,web_app.py,17935,csrf_protect(),AUDIT -- bearer-only API is largely CSRF-immune; keep for any remaining form-post,
7,_seed_pwd,web_app.py,623,def _seed_pwd(env_var):,DELETE -- Keycloak owns passwords (Phase 7 cleanup),
7,SOLARPRO_ADMIN_PASSWORD,web_app.py,629,"""SOLARPRO_ADMIN_PASSWORD"": (""seed/admin"",     ""password""),","DELETE env var -- Keycloak admin user, not env-seeded (Phase 7)",
7,SOLARPRO_OWNER_PASSWORD,web_app.py,630,"""SOLARPRO_OWNER_PASSWORD"": (""seed/marc667us"", ""password""),",DELETE env var -- marc667us managed in Keycloak (Phase 7),
7,_seed_pwd,web_app.py,646,"(""admin"",    ""admin@solarpro.global"", ""Administrator"", _seed_pwd(""SOLARPRO_ADMIN_PASSWORD""), ""enterprise"", 1),",DELETE -- Keycloak owns passwords (Phase 7 cleanup),
7,_seed_pwd,web_app.py,647,"(""marc667us"",""marc667us@yahoo.com"",   ""Marc"",          _seed_pwd(""SOLARPRO_OWNER_PASSWORD""),       ""enterprise"", 1),",DELETE -- Keycloak owns passwords (Phase 7 cleanup),
7,users.role,web_app.py,6937,"role    = ""User"" if h.get(""role"") == ""user"" else ""AI Assistant""",AUDIT -- migrate role values into Keycloak realm roles; column dropped Phase 7,
7,users.role,web_app.py,14288,"""""""Self-service supplier signup. Creates a users row with role='supplier_admin'",AUDIT -- migrate role values into Keycloak realm roles; column dropped Phase 7,
7,users.role,web_app.py,16555,"""  CASE WHEN role='procurement_specialist' THEN 0 ELSE 1 END, """,AUDIT -- migrate role values into Keycloak realm roles; column dropped Phase 7,
7,users.role,web_app.py,16575,"c.execute(""UPDATE users SET role='procurement_specialist' WHERE id=?"", (uid,))",AUDIT -- migrate role values into Keycloak realm roles; column dropped Phase 7,
7,users.role,web_app.py,16577,"""promote_specialist"", ""user"", uid, f""{row['username']} (was role='{row['role'] or ''}')""",AUDIT -- migrate role values into Keycloak realm roles; column dropped Phase 7,
7,users.role,web_app.py,16594,"c.execute(""UPDATE users SET role='' WHERE id=?"", (uid,))",AUDIT -- migrate role values into Keycloak realm roles; column dropped Phase 7,
7,users.role,web_app.py,17920,"c.execute(""UPDATE users SET role='technical_support' WHERE id=?"", (uid,))",AUDIT -- migrate role values into Keycloak realm roles; column dropped Phase 7,
7,users.role,web_app.py,17924,"f""{row['username']} (was role='{row['role'] or ''}')""",AUDIT -- migrate role values into Keycloak realm roles; column dropped Phase 7,
7,users.role,web_app.py,17943,"c.execute(""UPDATE users SET role='' WHERE id=?"", (uid,))",AUDIT -- migrate role values into Keycloak realm roles; column dropped Phase 7,
